'ID','NAME','SURNAME','BIRTH_DATE'
1,Taylor,Collins,2005-11-15
2,Michael,Barclay,2003-05-20
3,Candace,Darcy,2018-04-10
4,Livia,Donovan,2017-06-07
5,Taylor,Irwin,2016-12-03
6,Michael,Kennedy,2011-05-20
7,Daniel,Franks,2008-04-21
8,Evie,Wooldridge,2002-06-05
9,Tyson,Devonport,2003-02-06
10,Jackeline,Willson,2011-09-29
11,Johnathan,Chappell,2002-10-23
12,Alexander,Freeburn,2011-08-10
13,Jane,Locke,2013-01-20
14,Lucas,Ebbs,2002-10-10
15,Marvin,Salt,2018-10-29
16,Luna,Clark,2012-09-23
17,Rocco,Sinclair,2011-03-01
18,Lillian,Uddin,2004-08-15
19,Carter,Chester,2006-06-10
20,Olivia,Russell,2010-05-13
21,Felicity,Taylor,2015-06-13
22,Greta,Thomson,2006-01-11
23,Bree,Casey,2008-12-13
24,Chuck,Murray,2016-08-11
25,Jade,Watson,2010-01-30
26,Piper,Brown,2003-12-15
27,Camellia,Wade,2015-03-21
28,Bryce,Rivers,2014-05-07
29,Mason,Archer,2012-04-10
30,Chris,Potter,2009-04-23
31,Makena,Palmer,2004-09-03
32,Ada,Rivers,2016-08-18
33,Stella,Holmes,2012-01-18
34,Russel,Eaton,2014-08-17
35,Daria,Denton,2018-11-24
36,Eve,Simpson,2003-06-18
37,Marigold,Dale,2016-08-05
38,Colleen,Thatcher,2014-07-23
39,Joseph,Ellwood,2005-06-17
40,Madison,Jones,2016-04-04
41,Barry,Patel,2017-12-09
42,Stephanie,Hilton,2007-05-22
43,Chris,Collis,2013-08-23
44,David,Needham,2005-01-06
45,Kirsten,Taylor,2012-07-12
46,Denny,Potts,2007-04-12
47,Angelica,Underhill,2010-09-21
48,Miriam,Jordan,2015-11-23
49,Harry,Benfield,2013-01-25
50,Michaela,Connor,2008-02-05
51,Jack,Jones,2006-04-29
52,Kieth,Barclay,2014-10-16
53,Michaela,Kidd,2009-12-03
54,Henry,Bristow,2013-04-23
55,Macy,Burge,2014-02-28
56,Mike,Marshall,2019-07-05
57,Tyler,Vincent,2013-05-25
58,Emmanuelle,Warren,2005-07-19
59,Isla,Fisher,2005-01-20
60,Kassandra,Murray,2018-12-19
61,Brad,Allcott,2009-12-26
62,Abdul,Mitchell,2017-12-23
63,Leroy,Edwards,2019-05-15
64,Eduardo,Allwood,2004-08-24
65,Hayden,Phillips,2006-05-22
66,Lana,Bingham,2015-04-26
67,Teagan,Vinton,2018-06-26
68,Angelica,Cassidy,2008-05-13
69,Margaret,Bolton,2003-09-17
70,Nicholas,Weston,2008-02-15
71,Lauren,Snow,2003-06-14
72,Michael,Durrant,2011-08-25
73,Hanna,Reyes,2018-08-04
74,Hope,Lewin,2003-07-29
75,Rose,Rogers,2013-10-16
76,Angelina,Skinner,2009-08-23
77,Bernadette,Cameron,2002-11-27
78,Abdul,Hill,2011-09-17
79,Keira,Nielson,2014-08-01
80,Adina,Faulkner,2002-06-25
81,Rick,Payne,2012-07-17
82,David,Quinnell,2014-12-31
83,Ethan,Harrington,2012-09-26
84,Josephine,Heaton,2003-08-29
85,Ivy,Stevens,2015-02-20
86,Irene,Brock,2014-07-29
87,Anthony,Cassidy,2003-05-02
88,Lily,Tate,2017-02-08
89,Mike,Robertson,2010-11-24
90,Colleen,Collins,2004-04-16
91,Gwenyth,Douglas,2010-06-01
92,Matthew,Taylor,2017-12-24
93,Cameron,Hilton,2004-05-30
94,Victoria,Craig,2015-04-18
95,Ramon,Emmett,2008-11-07
96,Amelia,Franks,2005-07-06
97,Chris,Fenton,2013-11-05
98,David,Nielson,2006-11-16
99,Cadence,Maxwell,2008-12-21
100,Leilani,Addison,2008-10-12
101,Clint,Strong,2014-04-11
102,Oliver,Niles,2006-11-27
103,Anthony,Farrow,2003-06-12
104,Caitlyn,May,2016-09-30
105,Aurelia,Whittle,2016-08-05
106,Alison,Cooper,2009-07-08
107,Anabelle,Harrington,2010-04-03
108,Lucas,Bolton,2004-04-05
109,Rachael,Carson,2008-10-11
110,Kurt,Darcy,2002-07-28
111,Maya,Lewin,2011-05-24
112,Isla,Rycroft,2006-05-16
113,Aleksandra,Bayliss,2007-01-23
114,Julian,Farmer,2016-02-02
115,Mason,Poole,2017-04-18
116,Catherine,Evans,2017-07-11
117,Aiden,Vass,2010-08-04
118,Sydney,Alexander,2011-06-23
119,Rick,Upsdell,2013-07-07
120,Eduardo,Richards,2003-10-24
121,Savannah,Hill,2010-07-18
122,Noah,Plumb,2017-12-28
123,Cadence,Hill,2011-08-11
124,Kimberly,Brooks,2008-05-28
125,Joseph,Penn,2012-05-09
126,Jennifer,Richardson,2011-05-06
127,Tyson,Davies,2002-05-15
128,Tyler,Pearson,2015-10-12
129,Macy,Carpenter,2007-08-01
130,Brooklyn,Anderson,2015-01-26
131,Katelyn,Bennett,2008-11-21
132,Ruby,Tobin,2016-02-07
133,Rocco,Salt,2008-10-01
134,Jolene,Jenkins,2009-11-26
135,Hazel,Blackburn,2016-11-04
136,Adeline,Chappell,2003-05-19
137,Enoch,Sinclair,2013-12-08
138,Clint,Cox,2008-06-08
139,Erick,Widdows,2007-06-17
140,Moira,Ward,2019-06-25
141,Luke,Dyson,2003-01-13
142,Adelaide,Rehman,2014-08-24
143,Emma,Reading,2005-01-13
144,Chad,Whitmore,2014-02-24
145,Gemma,Cork,2007-01-10
146,Alison,Mills,2006-01-26
147,Ethan,Bradley,2002-05-06
148,Claire,Tindall,2010-02-11
149,Bob,Judd,2019-01-07
150,Bernadette,Richards,2013-04-12
151,Doris,Dobson,2015-11-20
152,Shay,Jackson,2012-01-25
153,Michaela,Gordon,2005-09-21
154,Helen,Ainsworth,2010-06-15
155,Javier,Richards,2003-07-01
156,Isabella,Trent,2015-08-23
157,Carina,James,2010-02-18
158,Blake,Shields,2011-10-20
159,Ivy,Holt,2002-08-13
160,Josephine,Woodcock,2007-10-26
161,Kenzie,Murphy,2015-11-25
162,Maria,Moore,2013-05-16
163,Carolyn,Norburn,2014-06-16
164,Chadwick,Collingwood,2015-10-10
165,Marina,Lyon,2003-11-26
166,Thea,Forester,2018-02-03
167,Adela,Evans,2012-03-24
168,Carolyn,Fleming,2012-03-13
169,Danny,Harris,2004-08-03
170,Josh,Butler,2008-10-13
171,Abdul,Veale,2008-07-18
172,Erin,Patel,2010-10-30
173,Emely,Norburn,2004-05-16
174,Abdul,Stewart,2007-12-16
175,Manuel,Larsen,2004-05-15
176,Clarissa,Eagle,2014-03-05
177,Harriet,Turner,2015-05-20
178,Ronald,Ebden,2002-05-21
179,William,Pickard,2008-03-29
180,Ronald,Fields,2011-01-06
181,Anais,Todd,2019-08-20
182,Livia,Bailey,2010-01-23
183,Adalie,Farrow,2010-04-24
184,Gwen,Russel,2015-01-27
185,Jayden,Parr,2009-01-17
186,Erick,Stevens,2005-02-09
187,Alessia,Warren,2009-08-03
188,Leroy,Nurton,2012-12-30
189,Rita,Page ,2006-02-14
190,Ada,Lindsay,2009-12-27
191,Roger,Clarke,2009-12-30
192,Lana,Plumb,2003-04-28
193,Elijah,Gonzales,2019-08-05
194,Shelby,Widdows,2011-10-10
195,Alexander,Cassidy,2005-04-18
196,Matthew,Varndell,2003-08-07
197,Greta,Lynch,2011-10-23
198,Jayden,Dillon,2017-11-04
199,Denny,Simpson,2006-09-12
200,Ada,Hilton,2002-11-24
201,Oliver,Grey,2006-08-13
202,Samara,Noach,2017-02-04
203,Joy,Squire,2017-01-11
204,Quinn,Savage,2005-03-21
205,Alessandra,Flanders,2003-06-30
206,Scarlett,Chapman,2013-09-28
207,Noah,Fulton,2015-09-24
208,Andrea,Patel,2018-07-13
209,Miley,Rivers,2013-08-03
210,Shannon,Whitmore,2017-11-01
211,Phillip,Driscoll,2007-04-02
212,Luke,Robinson,2013-08-23
213,Emery,Burge,2006-05-28
214,Diane,Cooper,2006-12-05
215,Owen,Chapman,2005-09-16
216,Matt,Lee,2007-06-17
217,Ron,Vallins,2002-11-03
218,Chloe,Turner,2009-05-10
219,Shay,Moore,2012-03-24
220,Amelia,Brown,2018-12-20
221,Clint,Stubbs,2006-05-11
222,Matt,Kelly,2011-12-23
223,Alan,Veale,2011-08-24
224,Chloe,Reese,2013-06-14
225,Michael,Glynn,2002-11-13
226,Danny,Varndell,2008-11-01
227,Mike,Baker,2004-08-21
228,Esmeralda,Redden,2006-10-13
229,Dorothy,Ross,2017-10-27
230,Marvin,Freeburn,2010-02-26
231,Benjamin,Redwood,2009-11-05
232,Winnie,Ingham,2018-01-23
233,Ivy,Hall,2016-10-25
234,Destiny,Knight,2016-05-31
235,Aiden,Stevens,2010-06-07
236,Zara,Ring,2019-01-11
237,Margot,Parker,2003-12-15
238,Lauren,Parker,2017-05-17
239,Carmella,Townend,2017-07-09
240,Norah,Kaur,2016-11-13
241,Louise,Boyle,2019-05-25
242,Emely,Vallory,2002-07-17
243,Gil,Neal,2012-01-06
244,Maxwell,Spencer,2004-01-03
245,George,Hale,2010-01-03
246,Matthew,Sheldon,2005-08-17
247,Carter,Broomfield,2011-09-10
248,Rocco,Wright,2005-03-20
249,Hayden,Ballard,2017-04-23
250,Marissa,Norton,2016-09-21
251,Sara,Jones,2012-09-26
252,Megan,Styles,2019-04-13
253,Rosalee,Marshall,2009-06-05
254,Kate,White,2006-07-03
255,Brad,Vane,2009-06-18
256,Daniel,Robinson,2013-12-04
257,Emery,Hilton,2009-11-04
258,Daron,Drew,2012-09-27
259,Gabriel,Stewart,2009-01-07
260,Denis,Nash,2019-01-16
261,Johnathan,Alexander,2007-12-31
262,Russel,Moore,2009-05-05
263,Daron,Tyler,2019-09-26
264,Alexa,Skinner,2010-11-17
265,Ada,Emerson,2011-11-19
266,Mason,Vinton,2003-07-20
267,Luna,Simpson,2006-03-23
268,Matthew,Adams,2016-07-20
269,Allison,Booth,2013-03-26
270,Dalia,Yarwood,2006-04-24
271,Angelica,Daniells,2004-07-25
272,Sloane,Dunbar,2019-03-05
273,Joy,Collingwood,2010-09-03
274,Mona,Hopkinson,2011-06-25
275,Sage,Mitchell,2016-10-01
276,Robyn,Sylvester,2018-05-11
277,Keira,Appleton,2018-03-28
278,Kendra,Dale,2002-09-20
279,Rosalyn,Cadman,2019-10-07
280,Alessandra,Seymour,2018-01-05
281,Makenzie,Styles,2011-07-08
282,Bryce,Gosling,2017-08-06
283,Sebastian,Veale,2011-07-13
284,Gil,Foxley,2005-03-12
285,Caleb,Raven,2007-11-14
286,Hank,Robertson,2006-01-10
287,Wendy,Rodwell,2006-09-26
288,Nate,Rycroft,2010-10-03
289,Owen,Thornton,2007-04-25
290,Oliver,Pearce,2002-12-05
291,Stacy,Plumb,2011-12-17
292,Eve,Jefferson,2003-04-24
293,Owen,Booth,2016-10-13
294,Marvin,Callan,2017-05-26
295,Ryan,Mullins,2004-06-28
296,Alison,Morris,2010-03-01
297,Chad,Brooks,2015-07-14
298,Winnie,Donovan,2019-09-20
299,Nathan,Rixon,2014-02-27
300,Johnathan,Archer,2006-06-06
301,Karen,Gavin,2007-08-05
302,Tess,Barrett,2005-08-02
303,Angela,Tailor,2009-03-03
304,Lexi,Stone,2008-11-07
305,Mark,Lomax,2012-04-10
306,Denis,Phillips,2004-10-02
307,Logan,Woodcock,2014-03-22
308,Drew,Lambert,2006-09-20
309,Oliver,Brooks,2019-04-26
310,Harry,Scott,2010-04-30
311,Alessia,Reynolds,2013-08-04
312,Adela,Harrison,2007-12-31
313,Caydence,Flett,2004-04-25
314,Joseph,Swift,2015-07-07
315,Kimberly,Booth,2015-09-11
316,Harry,Hunter,2005-07-27
317,Sonya,Lakey,2019-09-26
318,Daron,White,2013-12-21
319,Leilani,Underhill,2018-03-01
320,Peter,Rosenbloom,2015-03-30
321,Carina,Kelly,2018-12-06
322,Bob,Gunn,2018-06-02
323,Bree,Lewis,2012-09-16
324,Fred,Cann,2016-05-03
325,Rhea,Lee,2017-08-26
326,Luke,Clifton,2003-09-26
327,Lucy,Parker,2008-09-23
328,Juliette,Johnson,2011-07-05
329,Owen,Nobbs,2007-05-28
330,Rufus,Vaughn,2005-07-18
331,Jacob,King,2013-04-22
332,Daron,Richards,2017-07-14
333,Percy,Watt,2011-03-16
334,Ryan,Baxter,2002-02-14
335,Tom,Crawford,2015-02-04
336,Martin,Oatway,2006-05-31
337,Anne,Bright,2002-02-17
338,Adelaide,Groves,2008-08-21
339,Fred,Olivier,2014-06-21
340,Mackenzie,Tailor,2009-08-17
341,Victoria,Marshall,2005-10-31
342,Sabina,Robe,2018-03-19
343,Rufus,Becker,2009-05-18
344,Brad,Amstead,2019-02-06
345,Jayden,Saunders,2018-08-29
346,Lucas,Lynch,2005-12-28
347,Martin,Whinter,2007-01-17
348,Amy,Baker,2011-01-09
349,Julian,Ebden,2003-02-05
350,Havana,Mackenzie,2006-01-04
351,Bristol,Hall,2010-10-18
352,Cristal,Button,2019-07-09
353,Renee,Kaur,2019-03-24
354,Noah,Ralph,2007-05-20
355,Harvey,Wren,2016-01-31
356,Rocco,Raven,2010-01-27
357,Carrie,Duvall,2004-02-26
358,Michael,Hudson,2016-02-02
359,Zoe,Harrison,2008-01-24
360,Benjamin,Gilbert,2006-08-14
361,Chelsea,Sinclair,2005-09-18
362,Barney,Poulton,2006-04-28
363,Harriet,Robe,2010-10-23
364,Elly,Blythe,2004-03-22
365,Liam,Carson,2016-10-10
366,Boris,Rogers,2011-12-31
367,Janelle,Lewis,2017-12-07
368,Camden,Moran,2012-04-24
369,Taylor,Anderson,2014-06-12
370,Carmen,Hill,2006-10-28
371,Lillian,Morris,2015-06-03
372,Matt,Ventura,2003-11-08
373,Barney,Hudson,2016-06-03
374,Michelle,Gibbons,2002-10-31
375,Julius,Townend,2010-09-11
376,Alexander,Savage,2006-09-08
377,Hayden,Ross,2007-12-19
378,Chester,Dillon,2005-03-03
379,Alba,Notman,2011-07-15
380,Harry,Irving,2005-09-24
381,Tyson,Cameron,2012-01-06
382,Brad,Hunter,2014-05-10
383,Doris,Richardson,2016-04-09
384,Cecilia,Thompson,2012-12-30
385,Ramon,Campbell,2010-11-01
386,Noah,Irving,2019-01-12
387,Ronald,Thomson,2010-05-08
388,Daron,York,2018-07-18
389,Belinda,Tait,2004-09-05
390,Christy,Clifford,2009-03-01
391,Johnathan,Lambert,2002-05-21
392,Josh,Burge,2019-09-10
393,Julian,Rosenbloom,2011-03-10
394,Mason,Moore,2016-08-26
395,Anabelle,Rowlands,2009-03-04
396,Benny,Tutton,2005-02-26
397,Drew,Murphy,2003-01-23
398,Martin,Sheldon,2018-12-05
399,Sabrina,Harrison,2007-02-14
400,Roger,Shaw,2017-05-11
401,Owen,Tobin,2005-03-19
402,Carla,Forester,2007-09-09
403,Hank,Brown,2003-10-01
404,Julian,Hilton,2014-10-11
405,Diane,Hall,2007-10-19
406,Michael,Gonzales,2005-01-20
407,Havana,Exton,2008-06-21
408,Marvin,Whitmore,2014-05-15
409,Russel,Zaoui,2015-06-07
410,Ryan,Roberts,2010-11-10
411,Ivy,Uddin,2009-04-02
412,Candice,Cox,2013-10-23
413,Tyson,Townend,2004-10-27
414,Mara,Drew,2010-12-16
415,Chuck,Radcliffe,2002-11-05
416,Felicity,Squire,2015-10-08
417,Savannah,Coleman,2007-07-03
418,Sabina,Tobin,2010-01-08
419,Evie,Umney,2008-01-17
420,Aiden,Reid,2004-02-04
421,Jennifer,Knott,2017-09-26
422,Carmen,Larsen,2012-11-25
423,Caleb,Shaw,2010-07-21
424,Lara,Ellwood,2014-05-08
425,Elise,Harrison,2015-05-07
426,Doug,Abbey,2005-10-19
427,Hanna,Thompson,2015-09-06
428,Gabriel,Noon,2019-07-05
429,Melania,Hall,2002-02-22
430,Liv,Gibbons,2017-01-07
431,William,Vinton,2014-10-24
432,Olivia,Dixon,2006-10-12
433,George,Stewart,2019-05-18
434,Paige,Eagle,2007-05-02
435,Hayden,Dixon,2011-03-20
436,Sabina,Pope,2003-10-10
437,Rosemary,Selby,2016-08-02
438,Barney,Addis,2017-05-05
439,Gina,Woods,2014-12-02
440,Ronald,Bingham,2015-11-22
441,Martha,Eyres,2004-01-10
442,Nick,Connell,2007-02-01
443,Tyler,Funnell,2017-05-20
444,Denis,Shepherd,2009-03-04
445,Ramon,Gates,2006-05-12
446,Aleksandra,Dale,2011-12-22
447,Adalie,Clarkson,2017-05-18
448,Barney,Daniells,2006-05-05
449,Evie,Connor,2018-04-15
450,Jack,Farmer,2017-02-28
451,Irene,Mills,2011-09-11
452,Jade,Butler,2010-01-15
453,Britney,Walsh,2008-04-14
454,Angelique,Griffiths,2005-11-16
455,Lucas,Raven,2017-09-12
456,Teagan,Bayliss,2007-01-14
457,Ethan,Edmonds,2018-02-13
458,Rosalie,Robertson,2004-07-02
459,Marla,Hill,2015-02-18
460,Caleb,Fox,2017-10-18
461,Emery,Glass,2011-04-25
462,Shay,Holt,2006-10-25
463,Clint,Davies,2003-03-08
464,Chadwick,Khan,2006-08-04
465,Cedrick,Moore,2014-08-09
466,Mona,James,2010-03-17
467,Gabriel,Ripley,2017-08-02
468,Elly,Ring,2014-07-18
469,Kassandra,Ainsworth,2012-11-02
470,Adela,Pearson,2004-07-08
471,Rachael,Varley,2013-06-30
472,Henry,Gray,2011-02-01
473,Celina,Owen,2017-07-25
474,Nate,Hobson,2006-04-06
475,Bethany,Kennedy,2009-11-05
476,Wade,Power,2013-06-09
477,Jackeline,Steer,2013-03-22
478,Diane,Porter,2003-12-08
479,Joseph,Andrews,2013-08-16
480,Martin,Glass,2008-12-10
481,Tom,Farrant,2011-07-06
482,Raquel,Baker,2019-05-07
483,Camellia,Denton,2013-04-07
484,Ilona,Grady,2009-04-30
485,Zoe,Rees,2012-01-03
486,Zoe,Stark,2002-11-08
487,Gladys,Flynn,2009-06-29
488,Boris,Kennedy,2013-08-20
489,Maia,Rodwell,2006-10-18
490,Chadwick,Redden,2007-04-09
491,Abdul,Stanton,2003-11-08
492,Nicholas,Windsor,2013-02-04
493,Jamie,Holmes,2018-10-23
494,Chad,Evans,2008-10-10
495,Jessica,Ellery,2002-09-10
496,Gwenyth,Hopkins,2018-03-13
497,Rachael,Griffiths,2006-05-26
498,Vera,Watt,2017-10-01
499,Norah,Harris,2010-02-19
500,Violet,Roman,2011-04-14
501,Denny,Yarlett,2009-05-28
502,Rachael,Allen,2018-04-30
503,Courtney,Jordan,2012-11-22
504,Rosa,Thomas,2010-01-21
505,Tyler,Maxwell,2006-04-05
506,Ciara,Gaynor,2006-07-23
507,Rae,Randall,2010-04-09
508,Chad,Mann,2016-01-18
509,Ryan,Roth,2016-02-13
510,Francesca,Wright,2006-08-07
511,Ron,Thornton,2003-08-23
512,Daniel,Powell,2010-06-29
513,Logan,Todd,2009-07-17
514,Vera,Zaoui,2014-10-21
515,Juliet,Craig,2012-12-13
516,George,Weldon,2003-08-21
517,Ellen,Anderson,2013-07-20
518,Fiona,Waterhouse,2007-04-02
519,Cedrick,Mcgregor,2009-03-29
520,Mike,Gibbons,2008-03-05
521,Matthew,Denton,2009-12-22
522,Elena,Glass,2009-12-19
523,Sylvia,Jackson,2009-10-22
524,Ada,Wright,2007-04-29
525,Julianna,Dyson,2011-02-06
526,Martha,Thatcher,2004-01-17
527,Sloane,Ward,2013-02-24
528,Bob,Holmes,2004-11-28
529,Ilona,Murphy,2003-08-26
530,Abdul,Wilson,2015-11-19
531,Camellia,Edwards,2004-01-13
532,Sara,Spencer,2007-01-12
533,Christine,Jenkin,2013-04-23
534,Johnathan,Chadwick,2010-07-16
535,Lynn,Thatcher,2009-05-27
536,Logan,Bell,2009-12-08
537,Peter,Potts,2009-07-04
538,Rae,Armstrong,2005-01-26
539,Daron,Olivier,2003-01-23
540,Rocco,Radcliffe,2010-10-01
541,Adalind,Hall,2003-04-22
542,Sharon,Wren,2017-01-09
543,Tess,Collis,2014-07-13
544,Makena,Villiger,2013-02-19
545,Melania,Kelly,2011-02-13
546,Anthony,Steer,2011-08-20
547,Keira,Johnson,2018-06-05
548,Benjamin,Slater,2011-10-30
549,Erick,Clarkson,2003-09-19
550,Lucy,Denton,2010-02-18
551,Marvin,Ralph,2018-08-15
552,Ethan,Weldon,2009-03-12
553,Marvin,Bishop,2011-08-22
554,Esmeralda,Weatcroft,2011-02-18
555,Liam,Ebbs,2003-11-16
556,Danielle,Myatt,2008-05-26
557,Matthew,Walter,2007-07-06
558,Jacob,Daniells,2003-06-20
559,Fred,Overson,2019-07-20
560,Alan,Bolton,2016-01-10
561,Nate,Butler,2010-05-25
562,Beatrice,Goldsmith,2014-03-02
563,George,Wade,2004-11-18
564,Maxwell,Shepherd,2004-09-26
565,Tania,Sinclair,2017-08-15
566,Sofia,Neal,2018-03-31
567,Rebecca,Dyson,2015-03-26
568,Katelyn,Jeffery,2010-11-16
569,Logan,Talbot,2014-05-13
570,Julius,May,2003-09-08
571,Luke,Little,2019-03-24
572,Ally,Woodley,2010-08-17
573,Leslie,Richards,2011-04-27
574,Adela,Booth,2013-12-18
575,Martha,Funnell,2015-01-03
576,Nathan,Williams,2013-05-22
577,Daniel,Moss,2002-06-16
578,Faith,Andrews,2011-06-11
579,Gabriel,Redfern,2017-06-27
580,Joseph,Yates,2015-07-02
581,Manuel,Eyres,2016-02-06
582,Marie,Edley,2005-01-30
583,Bernadette,Bennett,2016-03-25
584,Wade,Forester,2005-12-10
585,Russel,Porter,2010-11-14
586,Julius,Collingwood,2019-03-04
587,Selena,Weldon,2013-03-11
588,George,Ward,2010-03-18
589,Percy,Robinson,2017-07-11
590,Nathan,Bristow,2002-06-19
591,Rosalyn,Waterhouse,2016-12-24
592,Gil,Stanton,2007-02-27
593,Daron,Quinnell,2012-01-08
594,Daphne,Drake,2018-07-25
595,Zoe,Baker,2014-07-08
596,Carl,Uttridge,2016-07-02
597,Ramon,Rogers,2018-08-29
598,Martin,Zaoui,2016-09-27
599,Matthew,Waterson,2010-04-28
600,Aleksandra,Olson,2015-07-01
601,Chelsea,Davies,2019-03-16
602,Emely,Roberts,2010-04-11
603,Leah,Boyle,2019-08-17
604,Danny,Stone ,2003-09-04
605,Ronald,Shaw,2012-04-04
606,Winnie,Carson,2018-05-16
607,Celia,Owen,2013-02-12
608,Hanna,Bell,2007-05-31
609,Christine,Faulkner,2009-12-30
610,Harvey,Reyes,2007-10-29
611,Colleen,Glass,2015-06-24
612,Erin,Edmonds,2017-05-20
613,Francesca,Wright,2014-09-28
614,Priscilla,John,2010-07-05
615,Percy,Wigley,2002-11-26
616,Adelaide,Ryan,2013-08-04
617,Lillian,Cooper,2013-02-07
618,Rick,Cadman,2006-03-05
619,Andrea,Coates,2008-02-13
620,Gwenyth,Mitchell,2014-02-08
621,Sofia,Mcguire,2009-02-16
622,Cedrick,Egerton,2013-08-13
623,Johnathan,Samuel,2015-02-13
624,Sasha,Ellis,2014-01-10
625,Abdul,Widdows,2006-05-24
626,Michael,Wilcox,2014-02-18
627,Tyson,Shields,2015-09-26
628,Liv,Widdows,2004-02-29
629,Joseph,Maxwell,2006-07-18
630,Noah,Hill,2014-04-24
631,Ramon,Cox,2014-04-02
632,Chloe,Umney,2007-10-11
633,Julia,Campbell,2015-09-26
634,David,Mcleod,2015-06-27
635,Anabel,Price,2019-09-11
636,Josh,Mcleod,2002-12-03
637,Elly,Kelly,2003-12-25
638,Jayden,Preston,2006-02-22
639,Miriam,Kelly,2002-08-15
640,Rocco,Curtis,2006-08-09
641,Chanelle,Eddison,2018-11-19
642,Martha,Edley,2002-11-28
643,Marilyn,Bell,2002-12-09
644,Aiden,Leslie,2013-11-27
645,Blake,Tanner,2008-12-01
646,Maxwell,Morrow,2003-10-03
647,John,Willis,2010-08-09
648,George,Eagle,2003-04-02
649,Hanna,Blackburn,2009-11-25
650,Eve,Adler,2010-06-08
651,Chris,Brock,2010-10-28
652,William,Mason,2016-03-08
653,Owen,Phillips,2013-07-06
654,Kieth,Davies,2018-12-08
655,Anais,Benson,2002-10-08
656,Zara,Stark,2005-09-15
657,Maddison,Wright,2017-04-25
658,Jennifer,Gordon,2011-06-12
659,Daron,Marshall,2009-07-16
660,Ethan,Holmes,2014-09-19
661,Angelina,Long,2002-08-15
662,Ronald,Coleman,2009-11-28
663,Hank,Moreno,2002-07-23
664,Zoe,Healy,2015-02-21
665,Hannah,Nobbs,2017-09-23
666,Lara,Ingham,2013-07-24
667,Victoria,Jobson,2018-12-22
668,Mackenzie,Stevens,2013-01-07
669,Evelynn,Cattell,2009-03-31
670,Tom,Radley,2002-03-25
671,Janelle,Gray,2007-04-22
672,Erick,Healy,2007-06-28
673,Julianna,Pope,2018-01-14
674,Elijah,Little,2009-11-14
675,Tyson,Morgan,2002-04-06
676,Janice,Hamilton,2017-07-07
677,Vera,Steer,2008-05-07
678,Mark,Barrett,2002-07-07
679,Tony,Cavanagh,2015-01-09
680,Alexander,Lewis,2019-03-22
681,Tom,Rust,2003-09-30
682,Bridget,Spencer,2005-11-23
683,Denis,Parker,2013-01-24
684,Allison,Fall,2019-09-30
685,Gladys,Ranks,2014-06-11
686,Henry,Kelly,2014-04-23
687,Abdul,Freeburn,2017-04-14
688,Janice,Watt,2003-11-23
689,Leslie,Dowson,2006-07-31
690,Danny,Addison,2005-10-03
691,Tyler,Kelly,2002-07-01
692,Miriam,Tailor,2010-10-20
693,Andie,Evans,2014-12-11
694,Alexander,Ellwood,2004-02-10
695,Kieth,Davies,2005-10-11
696,Chelsea,Rivers,2014-03-27
697,Anthony,Gunn,2014-01-06
698,Daniel,Emerson,2010-05-01
699,Aiden,Mann,2004-04-18
700,Chris,Emmott,2013-03-01
701,Cassidy,Nurton,2011-01-07
702,Carol,Hogg,2012-12-25
703,Ethan,Wallace,2003-03-09
704,Ethan,Mcneill,2008-09-11
705,Peter,Hardwick,2009-11-09
706,Chad,Adams,2015-02-16
707,Allison,Moreno,2011-06-02
708,Luna,Rosenbloom,2005-05-02
709,Peter,Lyon,2008-01-25
710,Jasmine,Swift,2016-10-01
711,Remy,Hamilton,2015-06-27
712,Tyler,Thatcher,2011-01-18
713,Claire,Oldfield,2003-12-31
714,Alexander,Antcliff,2017-02-25
715,Ada,Ramsey,2011-10-09
716,Alan,Hammond,2016-03-05
717,Jayden,Abbot,2002-12-01
718,Carter,Harris,2016-02-04
719,Jade,Cartwright,2013-04-15
720,Marvin,Ward,2002-10-25
721,Alexander,Plumb,2017-11-17
722,Benny,May,2005-04-01
723,Ellen,Kennedy,2017-07-05
724,Joy,Ralph,2015-04-25
725,Maria,Grant,2019-02-24
726,Francesca,Simpson,2006-03-09
727,Savannah,Yang,2003-10-08
728,Rihanna,Eastwood,2019-07-07
729,Cherish,Armstrong,2014-03-12
730,Morgan,Jennson,2019-07-06
731,Manuel,Lakey,2002-08-18
732,Hanna,Davies,2018-11-28
733,Alexander,Jobson,2018-08-05
734,Joseph,Simpson,2016-10-05
735,Sebastian,Huggins,2017-07-31
736,Caleb,Downing,2005-03-04
737,Melinda,Upsdell,2016-08-03
738,Alan,Verdon,2011-09-10
739,Barney,Patel,2005-06-06
740,Michael,Webster,2013-01-20
741,Gabriel,Holmes,2015-07-26
742,Harvey,Benson,2018-12-10
743,Tyler,Pratt,2005-04-14
744,Sydney,Saunders,2011-12-26
745,Phillip,Patel,2002-11-22
746,Mark,Fowler,2002-03-20
747,Maxwell,Graves,2017-02-04
748,Matthew,Hogg,2018-11-18
749,Enoch,Watson,2003-09-23
750,Sienna,Holmes,2010-07-27
751,George,Dickson,2016-04-27
752,Matthew,Notman,2002-04-17
753,Beatrice,Dowson,2002-06-08
754,Madelyn,Tutton,2011-06-25
755,Johnny,Mcgregor,2015-02-21
756,Rosemary,Armstrong,2006-05-18
757,Aiden,Price,2004-05-26
758,Harvey,Thompson,2007-05-24
759,Jessica,Wright,2005-07-14
760,Nate,Adams,2017-11-26
761,Louise,Evans,2018-12-29
762,Alexander,Addley,2007-02-22
763,Marina,Murphy,2005-07-08
764,Liam,Hardwick,2016-04-02
765,Erick,Graves,2010-12-03
766,Julius,Keys,2017-01-27
767,Liam,Mann,2005-08-10
768,Susan,Weldon,2002-10-07
769,Julian,Reynolds,2008-08-18
770,Javier,Slater,2012-02-28
771,Barney,Devonport,2005-06-02
772,Sofie,Varley,2011-10-09
773,Meredith,Farrell,2017-01-14
774,Laila,Griffiths,2018-03-12
775,Carl,Jeffery,2015-10-15
776,Denny,Hunt,2011-09-01
777,Scarlett,Calderwood,2002-11-15
778,Johnny,Maxwell,2008-08-10
779,Hayden,Skinner,2017-06-21
780,Grace,Larkin,2012-08-06
781,Rick,Dyson,2016-09-13
782,Esmeralda,Addis,2013-10-08
783,Piper,Woodley,2008-08-20
784,Ryan,Bristow,2016-03-31
785,Bart,Bradshaw,2015-06-19
786,Chelsea,Khan,2011-10-19
787,Francesca,Johnson,2013-08-18
788,Chadwick,Ventura,2003-03-29
789,Adina,Shelton,2009-10-16
790,Luke,Grey,2002-06-11
791,Hayden,Locke,2005-10-02
792,Nick,Jordan,2017-12-04
793,Wade,Rixon,2004-07-15
794,Clint,Blythe,2006-11-15
795,Emery,Olivier,2007-07-01
796,Lucas,Rowe,2011-10-17
797,Liam,Oswald,2007-10-14
798,Sharon,Chapman,2003-12-30
799,Danny,Wilson,2018-02-25
800,Evie,Stanton,2002-04-02
801,Alexander,Stanton,2012-07-13
802,Keira,Miller,2014-04-05
803,Raquel,Martin,2014-06-16
804,Candice,Lakey,2010-08-25
805,Tom,Hunt,2005-11-08
806,Stacy,Addison,2011-11-06
807,Thea,Booth,2014-02-08
808,Domenic,Ellis,2010-11-29
809,Greta,Wright,2012-03-10
810,Martin,Reading,2003-03-20
811,Cynthia,Jordan,2004-02-07
812,Chelsea,May,2015-12-03
813,Liv,Sherwood,2012-01-23
814,Luke,Mcgee,2011-05-14
815,Madison,Myatt,2002-09-27
816,Daphne,Martin,2006-06-06
817,Daron,Irwin,2015-04-18
818,Lily,Morris,2006-02-18
819,Gwenyth,Stanton,2007-12-12
820,Laila,Alexander,2009-06-06
821,Johnny,Anderson,2004-07-19
822,Maxwell,Evans,2016-07-31
823,Percy,Clarke,2015-02-13
824,Drew,Tutton,2012-02-07
825,Angelique,Henderson,2003-02-23
826,Natalie,Bloom,2011-04-22
827,Norah,Nelson,2006-09-19
828,Iris,Sylvester,2010-11-14
829,Taylor,Speed,2004-12-20
830,Chad,Riley,2008-08-29
831,Anne,Donovan,2008-03-04
832,Lucas,Dyson,2018-02-14
833,Phillip,Abbey,2007-01-13
834,Cassidy,Thornton,2014-01-10
835,Joseph,Mould,2008-11-25
836,Rosalyn,Hepburn,2006-01-14
837,Brad,Oldfield,2011-10-11
838,Hadley,Coleman,2009-05-29
839,Manuel,Lane,2011-08-31
840,Lillian,Kent,2012-12-08
841,Francesca,Cox,2014-03-14
842,David,Campbell,2011-10-17
843,Eve,Howard,2018-10-12
844,Chris,Button,2002-06-19
845,Jules,Walker,2015-11-12
846,William,Parker,2017-06-18
847,Luna,Nielson,2017-11-20
848,Jazmin,Lane,2011-06-11
849,Jacob,Appleton,2010-09-16
850,Maxwell,Whitmore,2005-03-05
851,Sebastian,Lloyd,2005-07-26
852,Julius,Herbert,2006-01-13
853,Brad,Reynolds,2004-02-21
854,Gil,Richards,2017-07-22
855,Wade,Clifton,2015-12-30
856,Harry,Henderson,2008-01-30
857,Bob,Wilson,2011-09-17
858,Clint,Wren,2008-01-24
859,Kamila,Phillips,2013-04-24
860,Lucas,Ellwood,2016-05-14
861,Daniel,Evans,2010-09-30
862,Percy,Turner,2016-01-24
863,Mason,Brown,2004-03-26
864,Matt,Graham,2007-04-13
865,Rocco,Collingwood,2006-06-14
866,Jayden,Harvey,2014-01-28
867,Wendy,Lambert,2004-02-02
868,Ramon,Cork,2011-01-26
869,Henry,Norman,2002-03-25
870,Willow,Ryan,2013-02-16
871,Trisha,Clarkson,2008-11-30
872,Jane,Crawford,2002-05-13
873,Regina,Kennedy,2004-08-31
874,Phillip,Lane,2011-11-20
875,Adalind,Whitehouse,2008-07-15
876,Sebastian,Alldridge,2002-03-22
877,Kate,Nielson,2006-10-06
878,Erick,Osmond,2008-01-16
879,Enoch,Wilcox,2006-08-13
880,Kamila,Edley,2005-10-26
881,Rick,Tailor,2007-05-20
882,Angel,Squire,2003-05-24
883,Janelle,Upton,2008-02-13
884,Jayden,Osman,2002-08-10
885,Nate,Richardson,2011-01-08
886,Nate,Quinnell,2013-01-18
887,Luna,Poulton,2002-05-04
888,Benjamin,Kerr,2011-09-11
889,Nathan,Hale,2013-09-26
890,Fiona,Andrews,2005-10-28
891,Kieth,Heaton,2013-08-24
892,Benny,Bennett,2005-05-29
893,Macy,Adams,2005-09-27
894,Shelby,Adams,2003-03-25
895,Rick,Casey,2008-09-18
896,Cherish,Hilton,2015-12-20
897,Zara,Rixon,2002-11-04
898,Blake,Dann,2017-03-02
899,Abdul,Stanton,2005-07-14
900,Sharon,Shaw,2017-01-24
901,Alba,Lynn,2003-11-15
902,Rowan,Chadwick,2003-07-22
903,Kurt,Malone,2018-08-30
904,Daron,Mason,2015-07-08
905,Phillip,Larsen,2018-05-05
906,Christy,Yates,2007-01-29
907,Benny,Farrow,2016-03-31
908,Stacy,Waterson,2011-05-11
909,Rosa,Tobin,2003-08-29
910,Belinda,Ralph,2007-03-16
911,Mavis,Weston,2004-09-28
912,Camellia,Ward,2017-08-16
913,Jayden,Ashwell,2014-08-24
914,Francesca,Gilbert,2002-06-01
915,Tom,Nelson,2017-04-26
916,Leroy,Gavin,2012-12-21
917,Nina,Johnson,2005-08-16
918,Abdul,Morgan,2015-07-24
919,Sadie,Ross,2009-06-14
920,Chad,Moore,2019-09-04
921,Agnes,Dowson,2017-07-06
922,Ramon,Allwood,2018-10-06
923,Jolene,Steer,2003-09-29
924,Maia,Clifford,2011-05-30
925,Camden,Pitt,2018-06-25
926,Chris,Hilton,2002-06-08
927,Ciara,John,2003-01-31
928,Lindsay,Rowan,2013-12-20
929,Mabel,Isaac,2019-10-06
930,Rose,Leslie,2019-08-10
931,Elijah,Lloyd,2015-11-28
932,Julian,Rixon,2004-07-31
933,Emery,Oldfield,2014-11-04
934,Michael,Taylor,2007-08-08
935,Julianna,Mcguire,2008-05-08
936,Rocco,Mould,2002-06-07
937,Liam,Norris,2009-07-20
938,Abdul,Hale,2009-07-20
939,Tyler,Ripley,2005-06-06
940,Lucas,Slater,2004-11-12
941,Tara,Rose,2003-07-18
942,Javier,Mould,2008-11-22
943,Drew,Morris,2014-02-26
944,Chelsea,Ingram,2006-10-01
945,Henry,Wilson,2011-10-30
946,Carrie,White,2003-05-22
947,Rosie,Casey,2002-07-19
948,Manuel,Reading,2003-11-07
949,Liam,Allwood,2003-01-12
950,Benjamin,Waterhouse,2006-07-17
951,Harry,Cadman,2004-02-27
952,Gabriel,Taylor,2016-12-16
953,Hayden,Darcy,2005-02-18
954,Marjorie,Utterson,2016-12-12
955,Eileen,Stone,2006-04-16
956,Hayden,Simpson,2008-10-24
957,Logan,Jenkins,2014-11-22
958,Nina,Rivers,2016-02-28
959,Maribel,Walsh,2017-01-29
960,Rosalyn,Hancock,2010-12-04
961,Nick,Ellis,2018-11-28
962,Erick,Dwyer,2015-01-27
963,Johnathan,Wills,2017-03-03
964,Mayleen,Summers,2006-01-31
965,Teagan,Ventura,2004-06-05
966,Adela,Lambert,2004-05-13
967,Chester,Blythe,2016-04-06
968,Javier,Turner,2013-05-15
969,Leroy,Eddison,2011-11-19
970,Vicky,Varley,2012-07-04
971,Harry,Eddison,2018-05-20
972,Luke,Overson,2012-11-16
973,Ryan,Giles,2006-04-10
974,Percy,Robinson,2008-09-16
975,Clint,Jenkins,2004-05-07
976,Carter,Oliver,2010-04-26
977,Daron,Tait,2014-01-18
978,Aeris,Stewart,2017-05-15
979,Cherish,Simpson,2011-09-26
980,Barry,Ogilvy,2018-01-17
981,Courtney,Potter,2010-01-23
982,Adina,Ramsey,2017-09-06
983,Manuel,Dunbar,2012-10-08
984,Abbey,Preston,2018-12-12
985,Nick,Larkin,2005-12-21
986,Rosie,Drew,2017-01-05
987,Ema,Appleton,2018-05-09
988,Rebecca,Wigley,2006-06-23
989,Manuel,Owen,2017-06-27
990,Carter,Wilde,2008-03-19
991,Holly,Riley,2014-05-20
992,Leroy,Pickard,2004-10-28
993,Peter,Howard,2010-09-21
994,Daniel,Asher,2012-06-02
995,Ronald,Bryant,2004-05-12
996,Bob,James,2005-10-22
997,Rosalyn,Oliver,2008-12-24
998,Johnathan,Norris,2017-10-04
999,Bryce,Drummond,2017-04-19
1000,Sadie,Shelton,2012-05-26
1001,Chelsea,Skinner,2014-07-26
1002,Harmony,Larsen,2004-01-03
1003,Winnie,Rees,2011-03-06
1004,Isabel,Jenkin,2017-08-04
1005,Johnathan,Salt,2016-11-02
1006,Rosie,Crawford,2008-08-27
1007,Lindsay,Yates,2011-11-25
1008,Mike,Latham,2018-04-10
1009,Brooklyn,Sloan,2009-08-19
1010,Nathan,Wright,2012-12-30
1011,Gina,Johnson,2005-01-10
1012,Harry,Jackson,2006-05-10
1013,Boris,Preston,2005-05-26
1014,Karla,Tait,2008-10-12
1015,Peter,Strong,2004-03-06
1016,Carter,Bingham,2002-08-26
1017,Rufus,Driscoll,2012-02-13
1018,Florence,Richards,2015-05-18
1019,Valerie,Whinter,2010-10-11
1020,Nathan,Rodwell,2002-06-24
1021,Abbey,Saunders,2004-06-27
1022,Joseph,Moore,2006-01-17
1023,Rufus,Fields,2007-09-12
1024,Doug,Marshall,2012-01-11
1025,Gil,Amstead,2018-03-08
1026,John,Myatt,2007-01-08
1027,Ellen,Ainsworth,2003-07-25
1028,Cristal,Vallory,2007-11-19
1029,Rick,Bryant,2013-09-05
1030,Rosemary,Hunt,2007-05-18
1031,Raquel,Gates,2006-10-10
1032,John,Osmond,2015-06-12
1033,Denis,Price,2002-07-12
1034,Angelique,Parker,2011-03-02
1035,Carolyn,Healy,2004-05-08
1036,Mason,Hewitt,2011-11-17
1037,Barney,Simpson,2003-01-13
1038,Boris,Wright,2011-05-10
1039,Luke,Osman,2018-06-02
1040,Adelaide,Welsch,2006-08-23
1041,Joy,Rixon,2007-01-28
1042,Julian,Thompson,2004-08-23
1043,Rufus,Hancock,2016-03-29
1044,Janice,Jeffery,2002-06-27
1045,John,Wise,2015-06-19
1046,Gladys,Rees,2007-09-25
1047,Stacy,Hall,2008-01-17
1048,Gabriel,Dillon,2002-11-18
1049,Denis,Brennan,2014-11-02
1050,Marla,Villiger,2016-03-24
1051,Chadwick,Weasley,2018-02-05
1052,Holly,Phillips,2002-12-09
1053,Bryon,Notman,2007-12-31
1054,Ramon,Ross,2009-01-20
1055,Domenic,Randall,2018-09-26
1056,Chuck,Tailor,2015-01-03
1057,Ruth,Trent,2017-02-28
1058,Ron,Edmonds,2005-01-30
1059,Hannah,Nelson,2017-01-05
1060,Cherish,Barrett,2002-02-20
1061,Ryan,Hancock,2013-03-13
1062,Carter,Marshall,2012-10-05
1063,Alba,Rehman,2006-08-06
1064,Mary,Needham,2004-08-01
1065,Benny,Hunt,2011-04-17
1066,Hayden,Marshall,2015-02-12
1067,Eileen,Nayler,2009-12-13
1068,Ada,Bowen,2015-10-04
1069,Fred,Edwards,2018-06-28
1070,Kamila,Gregory,2007-03-14
1071,Alan,Sinclair,2017-08-13
1072,Catherine,Harrison,2015-08-03
1073,Savannah,Davies,2012-07-18
1074,Tyler,Potts,2005-04-30
1075,Cara,Saunders,2017-03-26
1076,Wade,Clayton,2002-11-18
1077,Hayden,Ralph,2007-07-20
1078,Bryon,Bayliss,2004-03-09
1079,Hanna,Powell,2013-04-03
1080,Michael,Holmes,2019-01-28
1081,Juliet,Simpson,2007-08-31
1082,Owen,Boyle,2014-01-30
1083,Russel,Selby,2003-11-20
1084,Maxwell,Drew,2013-12-28
1085,Harmony,Watt,2019-10-18
1086,Chester,Casey,2003-10-16
1087,Rocco,Brock,2019-04-04
1088,Javier,Norris,2019-05-19
1089,Rachael,Matthews,2018-12-12
1090,Caleb,Barclay,2005-08-31
1091,Eduardo,Grant,2003-10-16
1092,Sadie,Rose,2011-09-22
1093,Chris,Wade,2010-06-30
1094,Marilyn,Johnson,2013-02-19
1095,Katelyn,Forester,2012-05-14
1096,Juliet,Eyres,2017-06-17
1097,Nicole,Hill,2015-03-10
1098,Caitlyn,Garcia,2014-04-29
1099,Kimberly,Rixon,2007-08-18
1100,Eduardo,Alcroft,2011-01-15
1101,Elena,Baker,2012-08-05
1102,Boris,Doherty,2018-06-08
1103,Bart,Hilton,2004-01-25
1104,Francesca,Garner,2003-09-16
1105,Chad,Willson,2019-08-21
1106,Kendra,Lewis,2004-06-29
1107,Logan,Villiger,2002-12-25
1108,Leilani,Ashwell,2015-08-20
1109,Regina,Robertson,2008-06-22
1110,Owen,Morris,2012-10-29
1111,Kurt,Williams,2017-06-29
1112,Javier,Farmer,2014-08-07
1113,Judith,Brooks,2011-09-26
1114,Willow,Stone,2012-06-10
1115,Alice,Clarkson,2010-07-27
1116,Luke,Douglas,2008-09-02
1117,Nick,Funnell,2002-03-30
1118,Danny,Russell,2017-07-22
1119,Crystal,Whittle,2009-12-17
1120,Andrea,Plant,2008-12-11
1121,Bryon,Miller,2012-03-30
1122,Kendra,Norton,2005-02-12
1123,Eryn,Fisher,2017-08-23
1124,Teagan,Callan,2018-03-08
1125,Tyson,Reid,2009-12-22
1126,Leslie,Rothwell,2004-04-01
1127,Danny,Wright,2008-02-07
1128,Danielle,King,2008-06-30
1129,Sebastian,Appleton,2005-12-06
1130,Nancy,Eddison,2007-01-12
1131,Emery,Oakley,2013-10-23
1132,Phillip,Purvis,2013-09-30
1133,Percy,Gregory,2018-08-12
1134,Martin,Grey,2012-11-05
1135,Jazmin,Russell,2002-05-09
1136,Raquel,Mooney,2012-02-16
1137,Maddison,Radley,2012-06-19
1138,Owen,Isaac,2006-09-02
1139,Manuel,Mccall,2016-06-27
1140,Rufus,Wright,2006-07-11
1141,Nathan,Rycroft,2017-04-01
1142,Nate,Chadwick,2016-12-16
1143,Fred,Stone,2010-03-27
1144,Catherine,Dale,2015-04-01
1145,Daniel,Russel,2005-04-08
1146,Elle,Bentley,2009-11-22
1147,William,Asher,2003-04-05
1148,Jackeline,Neville,2015-09-10
1149,Rose,Blythe,2016-04-27
1150,Isla,Newman,2010-05-22
1151,Florence,Taylor,2019-03-14
1152,Remy,Sylvester,2003-01-22
1153,Michael,Goodman,2013-08-13
1154,Jayden,Collins,2015-02-22
1155,Nicholas,Evans,2005-04-02
1156,Mavis,Pond,2019-06-09
1157,Marissa,Bingham,2014-11-09
1158,Daria,Allwood,2011-01-30
1159,Nathan,Snow,2016-09-29
1160,Roger,Rose,2013-03-22
1161,Teagan,Spencer,2006-11-22
1162,Leslie,Leslie,2019-05-19
1163,Enoch,Spencer,2009-01-25
1164,Ryan,Bryson,2018-11-07
1165,Maria,Drake,2011-05-04
1166,Marvin,Taylor,2010-06-30
1167,Sharon,Hobson,2008-07-04
1168,Elijah,Willson,2007-12-10
1169,Joy,Hamilton,2005-06-02
1170,Emma,Thomas,2012-02-07
1171,Ivette,Preston,2014-01-21
1172,Joyce,Walker,2003-11-08
1173,Manuel,Harrison,2008-11-09
1174,Daniel,Cann,2005-11-16
1175,Domenic,Rigg,2018-04-02
1176,Mara,Funnell,2005-11-24
1177,Mandy,Kirby,2014-11-17
1178,Brad,Butler,2017-01-23
1179,Adina,Partridge,2004-12-08
1180,Mike,Driscoll,2012-08-11
1181,Bob,Khan,2004-06-29
1182,Valerie,Roberts,2010-06-29
1183,Rose,Michael,2008-03-21
1184,Maxwell,Mccall,2005-12-29
1185,Karen,Herbert,2006-04-05
1186,Matt,Notman,2008-12-20
1187,Eileen,Phillips,2007-02-10
1188,Carissa,Ebden,2016-03-17
1189,Percy,Daniells,2009-01-06
1190,Tara,Nayler,2005-07-15
1191,Florence,Wilkinson,2007-03-18
1192,Melody,Wilson,2016-09-04
1193,Liam,Ellwood,2008-05-25
1194,Kurt,Noach,2012-02-23
1195,Chad,Kirby,2012-04-04
1196,Mark,Moreno,2013-06-05
1197,Chuck,Fox,2011-12-12
1198,Erick,Coll,2017-10-26
1199,Doug,Heaton,2012-05-21
1200,Denis,Reynolds,2013-01-11
1201,Carter,Vane,2003-05-01
1202,Mona,Jacobs,2018-08-26
1203,Leroy,Phillips,2004-01-29
1204,Hayden,Wren,2018-11-23
1205,Mara,Sawyer,2008-10-27
1206,Britney,Mitchell,2019-06-07
1207,Danny,Stanley,2004-03-01
1208,Eden,Payne,2017-02-10
1209,Esmeralda,Carter,2011-12-22
1210,Leilani,Garner,2009-07-07
1211,Hayden,Ross,2011-11-04
1212,Lillian,Waterhouse,2002-05-24
1213,Ivette,Leigh,2018-10-01
1214,Danny,Woods,2002-12-11
1215,Dasha,Bayliss,2008-02-26
1216,Sylvia,Redfern,2019-02-15
1217,Jayden,Khan,2014-07-11
1218,Gabriel,Griffiths,2010-07-15
1219,Danny,Flanders,2004-10-15
1220,Tony,Burnley,2015-11-25
1221,Sonya,Clark,2007-06-16
1222,Bree,Isaac,2009-04-30
1223,Barry,Radcliffe,2013-09-27
1224,Kurt,Moore,2019-02-02
1225,Candace,Santos,2015-06-07
1226,Martha,Dickson,2009-06-15
1227,Chester,Warden,2010-12-29
1228,Sienna,Rodwell,2012-02-16
1229,Abbey,Vince,2004-01-26
1230,Faith,Weston,2016-06-17
1231,Johnathan,Rees,2004-01-28
1232,Valentina,Allcott,2015-02-28
1233,Morgan,Mason,2016-11-07
1234,Rosa,Dyson,2007-07-04
1235,Gloria,Walter,2012-06-25
1236,Bree,Thomas,2017-10-25
1237,Josh,Gray,2017-09-30
1238,Nick,Clark,2019-01-26
1239,Iris,Salt,2006-03-23
1240,Shelby,Bryson,2004-08-07
1241,Boris,Emmett,2002-12-17
1242,Eduardo,Lynn,2010-11-20
1243,Fred,Welsch,2016-05-30
1244,Owen,Weston,2010-01-07
1245,Alexa,Warden,2019-02-21
1246,Sabrina,Tyrrell,2012-07-17
1247,Nathan,Collingwood,2016-11-06
1248,Amelia,Henderson,2012-12-12
1249,Jayden,Rossi,2003-10-22
1250,Angel,Summers,2010-06-04
1251,Fred,Ianson,2014-06-04
1252,Daniel,Irving,2008-11-23
1253,Francesca,Jenkin,2015-06-27
1254,Nicholas,Giles,2014-11-02
1255,Elijah,Avery,2007-07-04
1256,Percy,Camden,2012-06-26
1257,Thea,Notman,2011-07-24
1258,Hank,Vernon,2011-04-09
1259,Julian,Cassidy,2012-09-16
1260,Mackenzie,Allington,2015-03-10
1261,Ivette,Varndell,2002-02-25
1262,Mike,Driscoll,2014-06-24
1263,Owen,Slater,2014-04-25
1264,Eduardo,Powell,2003-02-22
1265,Goldie,Veale,2003-03-22
1266,Michael,Freeburn,2002-03-04
1267,Kurt,Simpson,2019-03-11
1268,Mark,Bell,2002-11-02
1269,Macy,Tait,2007-02-18
1270,Domenic,Collins,2006-01-28
1271,John,Cork,2017-03-20
1272,Roger,Drake,2002-10-16
1273,Matthew,Chadwick,2016-11-04
1274,Ryan,Clifton,2016-07-16
1275,Brad,Wallace,2005-10-08
1276,Chadwick,Mason,2008-10-17
1277,Holly,Collis,2009-09-08
1278,Rick,Evans,2011-03-29
1279,Maggie,Gates,2002-08-03
1280,Denny,Abbot,2011-02-27
1281,Alexander,Thomas,2010-06-26
1282,Peter,Villiger,2003-08-16
1283,Denny,Walter,2005-12-13
1284,Cherish,Janes,2008-02-27
1285,Luke,Camden,2006-02-21
1286,Helen,Vaughn,2016-09-30
1287,Ilona,Dobson,2015-11-14
1288,Elena,Smith,2004-04-26
1289,David,Ross,2015-12-03
1290,Elise,Rowe,2006-05-11
1291,Selena,Chappell,2007-06-20
1292,Francesca,Abbey,2004-09-07
1293,Danielle,Corbett,2018-04-07
1294,Bethany,Brett,2016-02-23
1295,Bernadette,Andersson,2005-01-26
1296,Piper,Calderwood,2013-02-11
1297,Carrie,Chapman,2014-08-20
1298,Joseph,Edwards,2002-05-03
1299,Penny,Moreno,2016-01-28
1300,Gabriel,Clark,2003-12-22
1301,Anabel,Nanton,2016-10-12
1302,Luke,Spencer,2012-05-15
1303,Barry,Reynolds,2007-02-04
1304,Nicholas,Wilcox,2003-06-16
1305,Phillip,Varley,2004-03-01
1306,Estrella,Butler,2002-08-22
1307,Havana,Johnson,2011-08-27
1308,Alex,Harper,2006-08-09
1309,Russel,Dale,2012-03-16
1310,Claire,Ellison,2006-05-31
1311,Eileen,Edler,2013-10-24
1312,Benjamin,Randall,2016-03-22
1313,Courtney,Gibbons,2017-09-09
1314,Mona,Zaoui,2016-12-02
1315,Matthew,Lewis,2005-04-10
1316,Keira,Russell,2008-08-10
1317,Rebecca,Larkin,2004-10-16
1318,Oliver,Wheeler,2013-10-16
1319,Kurt,Savage,2017-07-17
1320,Lexi,Gardner,2003-10-06
1321,Brad,Rogers,2007-10-09
1322,Isla,Cork,2007-02-07
1323,Eduardo,Sinclair,2012-03-15
1324,Shelby,Giles,2017-11-16
1325,Rylee,Wren,2005-01-22
1326,Ema,Tobin,2015-07-31
1327,Tony,Mason,2006-07-21
1328,David,Malone,2009-11-28
1329,Matt,Mcleod,2009-01-10
1330,Mary,Rogan,2011-08-15
1331,Ethan,Potts,2017-05-31
1332,Noah,Lakey,2017-06-29
1333,Meredith,Thompson,2018-07-18
1334,Daniel,Shepherd,2013-03-26
1335,Audrey,Vernon,2017-08-17
1336,Fred,Robinson,2017-07-27
1337,Bryce,Kent,2017-08-12
1338,Tania,Neal,2003-02-11
1339,Jack,Graves,2003-12-14
1340,Carter,Nielson,2010-02-01
1341,Chester,Mccall,2012-02-19
1342,Denis,Yates,2011-03-23
1343,David,Locke,2007-04-15
1344,Jennifer,Potter,2016-07-27
1345,Caleb,Hammond,2006-09-25
1346,Scarlett,Vaughan,2008-08-18
1347,Chris,Stanton,2008-03-13
1348,Ethan,Lynch,2008-05-28
1349,Josephine,Bingham,2013-07-21
1350,Johnny,Lee,2009-08-28
1351,Dalia,Dixon,2018-05-31
1352,Macy,John,2013-10-04
1353,Rosemary,Grey,2013-01-21
1354,Matthew,Harris,2016-07-20
1355,Noemi,Dallas,2006-09-20
1356,Fiona,Poole,2003-05-18
1357,John,Grady,2004-11-05
1358,Sarah,Clarke,2017-05-12
1359,Crystal,Barrett,2018-02-04
1360,George,Antcliff,2010-11-30
1361,Elise,Simpson,2018-06-27
1362,Boris,Newman,2016-10-15
1363,David,Gibson,2004-05-25
1364,Aisha,Khan,2007-09-13
1365,Maribel,Lewin,2016-12-29
1366,Jessica,Wilson,2012-01-29
1367,Chad,Lloyd,2019-07-19
1368,Ronald,Mcgregor,2015-08-13
1369,Nathan,Cowan,2009-07-01
1370,Ronald,Grady,2005-08-01
1371,Sadie,Styles,2004-06-30
1372,Barney,Turner,2007-12-22
1373,Adela,Allington,2014-01-26
1374,Aisha,Nobbs,2015-02-08
1375,Bernadette,Neville,2006-08-13
1376,Gladys,Townend,2018-03-31
1377,Jayden,Spencer,2011-11-02
1378,Marina,Donnelly,2014-02-22
1379,Chelsea,Addley,2013-10-03
1380,Bob,Pierce,2004-07-09
1381,Chad,Stewart,2002-09-18
1382,Tyler,Logan,2014-06-16
1383,Alessandra,Bryant,2010-08-05
1384,Wade,Lee,2009-03-15
1385,Ronald,Drew,2017-06-21
1386,Joseph,Turner,2010-03-27
1387,Jocelyn,Bishop,2016-11-25
1388,Rufus,Lewin,2006-11-02
1389,Erica,Olivier,2008-12-04
1390,Mavis,Ingram,2004-02-06
1391,Brooklyn,Utterson,2010-07-29
1392,Darlene,Rosenbloom,2015-03-16
1393,Joseph,Rossi,2015-04-10
1394,Matt,Lloyd,2006-04-01
1395,Tony,Eddison,2005-06-19
1396,Vivian,Irwin,2016-04-22
1397,Valentina,Wright,2012-05-18
1398,Vanessa,Mcgregor,2009-07-25
1399,Adalie,Collis,2005-05-28
1400,Denis,Cameron,2017-02-07
1401,Harvey,Dobson,2011-03-22
1402,Tyson,Funnell,2005-07-24
1403,Denny,Forester,2017-08-19
1404,Adeline,Uttridge,2016-06-04
1405,Barney,Roscoe,2011-09-03
1406,Hazel,Cartwright,2007-07-29
1407,Naomi,Collins,2012-05-02
1408,Mike,Cobb,2014-03-02
1409,Johnny,Vallory,2014-03-27
1410,Candice,Funnell,2016-10-12
1411,Hayden,Purvis,2005-10-26
1412,Miriam,Tennant,2009-07-08
1413,Lily,Norris,2017-12-04
1414,Elijah,Parker,2002-10-08
1415,Noemi,Bowen,2016-02-09
1416,Lucas,Gaynor,2019-05-15
1417,Audrey,Ainsworth,2018-02-04
1418,Drew,Walker,2016-07-19
1419,Tom,Miller,2019-08-09
1420,Chris,Welsch,2017-12-09
1421,Nathan,Dallas,2015-07-21
1422,Denny,Owens,2003-07-12
1423,Harvey,Mackenzie,2011-05-24
1424,Adalind,Parker,2004-07-31
1425,Margaret,Cooper,2004-11-29
1426,Matt,Cox,2017-07-20
1427,William,Waterson,2004-12-27
1428,Phillip,Shepherd,2012-08-27
1429,Eduardo,Reid,2018-09-12
1430,Britney,Santos,2010-11-04
1431,Lindsay,Edley,2018-04-06
1432,Henry,Cassidy,2009-10-07
1433,Martin,Mcneill,2007-10-27
1434,Jack,Walker,2014-11-10
1435,Thea,Lane,2007-07-27
1436,Anne,Wright,2004-12-14
1437,Catherine,Mccormick,2011-06-13
1438,Denny,Smith,2002-07-15
1439,Fred,Harrison,2017-06-20
1440,Daron,King,2005-11-16
1441,Liam,Silva,2014-05-26
1442,Mona,Harrison,2003-12-20
1443,Aiden,Emmott,2006-02-25
1444,Aiden,Cattell,2014-03-06
1445,Eryn,Flett,2007-01-22
1446,Ronald,Hill,2019-05-07
1447,Kieth,Stewart,2008-02-07
1448,Judith,Saunders,2006-06-24
1449,Liam,Raven,2016-04-28
1450,Liam,Gordon,2016-08-17
1451,Anthony,Hudson,2010-09-17
1452,Kassandra,Keys,2005-08-11
1453,Bryon,London,2014-02-21
1454,Mara,Smith,2007-06-20
1455,Eduardo,Sinclair,2005-04-30
1456,Boris,Riley,2012-10-15
1457,Mason,Baker,2010-01-20
1458,Kurt,Briggs,2005-07-29
1459,Aurelia,Butler,2013-11-26
1460,Belinda,Leslie,2011-03-10
1461,Quinn,Pierce,2002-08-25
1462,Benny,Egerton,2017-03-21
1463,Jacob,Parker,2016-11-22
1464,Ryan,Wilson,2004-03-03
1465,Harry,Wilson,2005-02-14
1466,Gil,Yard,2015-10-04
1467,Dalia,Shaw,2002-07-16
1468,Gabriel,Barclay,2015-02-04
1469,Elena,Tutton,2014-11-07
1470,Lindsay,Stewart,2012-04-20
1471,Elly,Milner,2009-02-03
1472,Carl,Drake,2019-05-19
1473,Leroy,Carter,2010-11-01
1474,Leroy,Verdon,2005-08-14
1475,Lucy,Weatcroft,2017-06-27
1476,Rick,White,2016-07-18
1477,Elly,Dixon,2018-07-21
1478,Mackenzie,Gregory,2009-12-02
1479,Matt,Norman,2018-03-14
1480,Catherine,Wright,2012-02-28
1481,Barney,Barclay,2007-01-05
1482,Dani,Vinton,2015-09-24
1483,Tara,Shields,2011-08-03
1484,Marvin,Cartwright,2003-11-05
1485,Vivian,Wheeler,2006-07-11
1486,Taylor,Yard,2010-03-04
1487,Carter,Briggs,2007-02-16
1488,Angel,London,2010-06-02
1489,Mavis,Shaw,2018-10-25
1490,Piper,Kent,2013-04-08
1491,Sasha,Rivers,2012-09-01
1492,Shelby,Tyler,2015-09-23
1493,Dalia,Lucas,2013-05-12
1494,Aleksandra,Allen,2013-09-25
1495,Rick,Davies,2009-03-02
1496,Louise,Vollans,2006-06-21
1497,Chadwick,Dickson,2006-04-12
1498,Mandy,Roberts,2014-08-23
1499,Destiny,Stubbs,2014-02-06
1500,Javier,Judd,2005-05-26
1501,Piper,Chappell,2004-09-17
1502,Bryon,Woods,2012-09-30
1503,Evelynn,Walter,2012-04-10
1504,Eduardo,Andrews,2012-07-22
1505,Erick,Bell,2010-07-02
1506,Blake,Mcneill,2018-12-05
1507,Cassidy,Pierce,2003-09-08
1508,Julius,Hunter,2013-09-03
1509,Elly,Garner,2011-06-20
1510,Paige,Campbell,2015-05-04
1511,Lucy,Parker,2016-02-16
1512,Melinda,Young,2015-05-30
1513,Jack,Locke,2005-09-13
1514,Ronald,Woods,2004-10-12
1515,Tom,Tobin,2008-12-05
1516,Thea,Gibbons,2006-12-04
1517,Tyler,Evans,2004-04-16
1518,Dani,Amstead,2009-01-06
1519,Elijah,Matthews,2009-01-09
1520,Javier,Fields,2007-03-19
1521,Davina,Wooldridge,2016-11-09
1522,Catherine,Upton,2014-12-13
1523,Kurt,Mitchell,2010-05-24
1524,Barry,Chapman,2014-05-12
1525,Francesca,Whatson,2016-10-08
1526,Rick,Garner,2014-01-24
1527,Rose,Aldridge,2014-09-19
1528,Jacob,Locke,2007-10-15
1529,Regina,Fall,2019-03-27
1530,Camden,Warren,2003-01-28
1531,Jack,Baxter,2004-11-15
1532,Barry,Jobson,2006-04-07
1533,Kate,King,2009-03-29
1534,Luke,Knight,2017-07-25
1535,Abdul,Atkinson,2014-08-21
1536,Ember,Yard,2014-07-02
1537,Daphne,Upsdell,2015-11-17
1538,Tania,Edley,2015-06-12
1539,Roger,Blackburn,2005-12-27
1540,Johnny,Walsh,2018-02-09
1541,Nate,Rose,2016-06-24
1542,Grace,Dowson,2008-07-31
1543,Marie,Downing,2009-06-22
1544,Josh,Weasley,2015-04-07
1545,Elijah,Vollans,2010-12-25
1546,Tom,Dobson,2011-06-25
1547,Alexia,Egerton,2011-12-13
1548,Keira,Whitehouse,2008-07-10
1549,Wade,Latham,2017-03-25
1550,Wade,Reid,2009-03-12
1551,Colleen,Needham,2014-07-26
1552,Mary,Mason,2015-04-16
1553,Lara,Tailor,2009-04-29
1554,Liam,Burnley,2014-05-05
1555,Ramon,Saunders,2015-04-28
1556,Cameron,Greenwood,2003-10-30
1557,Kirsten,Huggins,2011-03-10
1558,Mya,Nielson,2004-08-18
1559,Sharon,Raven,2004-08-04
1560,Sabrina,Noach,2004-04-03
1561,Chris,Plumb,2016-11-22
1562,Eden,Lowe,2011-03-05
1563,Javier,Fisher,2019-07-03
1564,Catherine,Wilkinson,2006-12-26
1565,Percy,Warner,2010-01-07
1566,Julius,Holt,2019-04-16
1567,Alexander,Welsch,2007-08-23
1568,Domenic,Seymour,2012-08-23
1569,Florence,Robinson,2005-10-25
1570,Bryce,Mcguire,2017-03-13
1571,Mark,Raven,2003-02-22
1572,Dalia,Roth,2010-01-28
1573,Zara,Tanner,2006-12-05
1574,Matthew,Gunn,2004-08-09
1575,Benny,Zaoui,2004-03-14
1576,Sage,Randall,2012-12-29
1577,Harry,Holmes,2008-06-10
1578,Sharon,Cooper,2015-07-07
1579,Mackenzie,Dallas,2014-09-27
1580,Rufus,Pratt,2018-01-25
1581,Nicholas,Lewin,2002-05-12
1582,Ronald,Dubois,2009-06-19
1583,Liam,Jarvis,2004-02-08
1584,Chloe,Rowan,2004-04-07
1585,Hazel,Thomas,2008-09-28
1586,Emma,Dixon,2009-04-14
1587,Tony,Wigley,2009-07-03
1588,Chuck,Neville,2010-08-18
1589,Cristal,Underhill,2018-03-14
1590,Aisha,Farmer,2007-01-30
1591,Tiffany,Haines,2011-04-20
1592,Oliver,Graham,2002-04-15
1593,Marla,Hood,2005-09-12
1594,Manuel,Gordon,2003-11-17
1595,Leroy,Seymour,2015-04-02
1596,Aurelia,Roth,2019-07-08
1597,Laila,Rowan,2004-02-02
1598,Marvin,Allington,2007-09-26
1599,Barry,Tate,2012-03-10
1600,Benny,Pope,2017-09-15
1601,Eduardo,Ianson,2003-09-04
1602,Harry,Powell,2012-10-25
1603,Tyler,Hammond,2005-01-21
1604,Luna,Redden,2004-10-24
1605,Martin,Snow,2008-01-09
1606,Jane,Snow,2009-12-11
1607,Ivette,Horton,2002-07-28
1608,Denis,Vane,2004-08-26
1609,Erick,Walker,2017-04-01
1610,Joseph,Marshall,2019-05-24
1611,Hadley,Maxwell,2010-08-18
1612,Victoria,Campbell,2006-09-04
1613,Evie,Cunningham,2017-07-20
1614,Darlene,Rogers,2015-11-01
1615,Kamila,Hardwick,2017-10-13
1616,Kieth,Newman,2016-03-26
1617,Sienna,Ross,2010-07-15
1618,Roger,Gilmour,2002-03-06
1619,Tony,Vallory,2011-12-02
1620,Miley,Judd,2011-05-10
1621,Caleb,Lloyd,2011-02-02
1622,Ramon,Rothwell,2018-06-15
1623,Melania,Eyres,2015-10-30
1624,Nancy,Little,2012-05-13
1625,Vanessa,Brock,2009-04-21
1626,Zoe,Gordon,2015-11-30
1627,Lucas,Jeffery,2007-06-13
1628,Rowan,Davies,2019-01-03
1629,Rosa,Brooks,2003-03-27
1630,Nate,Addison,2002-04-13
1631,Lara,Mitchell,2015-06-30
1632,Rose,Skinner,2015-01-30
1633,Bristol,Darcy,2010-08-26
1634,Carrie,Oliver,2016-06-21
1635,Cecilia,Cattell,2013-10-01
1636,Joseph,Clifford,2018-04-20
1637,Ilona,Turner,2017-07-14
1638,Ally,Walsh,2016-12-17
1639,Katelyn,Tait,2008-12-18
1640,Ramon,Webster,2011-07-27
1641,Daria,Fox,2011-10-15
1642,Tania,Stubbs,2014-04-04
1643,Abdul,Allwood,2013-07-21
1644,Zara,Williams,2009-04-22
1645,Leroy,Yoman,2007-01-27
1646,Davina,Cattell,2011-12-31
1647,Liv,Weldon,2005-01-20
1648,Leroy,Reyes,2008-08-10
1649,Rosalie,Briggs,2010-02-25
1650,Cameron,Woodley,2014-10-26
1651,Caleb,Glynn,2017-09-14
1652,Rocco,Crawley,2014-02-22
1653,Victoria,Jefferson,2018-03-25
1654,Chester,Gilmour,2014-05-15
1655,Mark,Weatcroft,2019-07-26
1656,Morgan,Patel,2003-11-17
1657,Irene,Stone,2010-05-30
1658,Melinda,Clarke,2018-09-04
1659,Aleksandra,Nicholls,2007-07-15
1660,Hailey,Knight,2013-03-04
1661,Tyson,Moore,2003-04-10
1662,Dalia,Ventura,2010-04-09
1663,Owen,Hamilton,2016-04-09
1664,Sloane,Baxter,2006-04-04
1665,Roger,Lambert,2019-02-28
1666,Kieth,Jones,2006-03-06
1667,Stella,Thatcher,2018-01-24
1668,Anabelle,Savage,2006-04-20
1669,Payton,Abbot,2015-01-18
1670,Nathan,Owen,2003-01-17
1671,Ethan,Stark,2010-02-14
1672,Greta,Henderson,2008-08-28
1673,Payton,Garcia,2007-02-01
1674,Rosalie,Ingham,2005-06-11
1675,Nate,Hunt,2010-01-24
1676,Leroy,Healy,2004-10-05
1677,Martha,Wheeler,2017-04-08
1678,Abdul,Rehman,2016-02-15
1679,Leilani,Wilson,2005-09-29
1680,Claire,Foxley,2010-03-11
1681,Tom,Ross,2007-04-07
1682,Tony,Turner,2003-03-21
1683,Miley,Greenwood,2015-10-03
1684,Clint,Tait,2009-04-24
1685,Isabel,Addley,2004-06-22
1686,Martin,Young,2003-07-18
1687,Helen,Johnson,2010-08-07
1688,Brad,Phillips,2015-07-04
1689,Hank,Doherty,2003-08-10
1690,Jolene,Brooks,2002-11-02
1691,Rylee,Walter,2011-06-02
1692,Erick,Callan,2015-05-12
1693,Winnie,Lindop,2004-06-11
1694,Tiffany,Vallins,2012-06-17
1695,Barry,Hogg,2009-05-05
1696,Kieth,Tennant,2011-08-18
1697,Anthony,Russel,2011-11-30
1698,Scarlett,Mann,2012-02-16
1699,Adelaide,Dobson,2015-04-09
1700,Chris,Tobin,2013-04-19
1701,Marvin,Bradley,2006-11-21
1702,Mason,Rodgers,2008-03-20
1703,Bob,Dempsey,2007-01-23
1704,Mark,Veale,2006-10-23
1705,Kieth,Santos,2016-04-24
1706,Nicholas,Lewis,2018-10-28
1707,Marina,Antcliff,2010-10-26
1708,Camila,Stewart,2006-10-13
1709,Morgan,Dann,2008-01-16
1710,David,Khan,2018-01-01
1711,Angelica,Denton,2004-05-29
1712,Domenic,Larkin,2003-02-08
1713,Destiny,Oswald,2012-08-30
1714,Stacy,Cowan,2010-08-17
1715,Manuel,Bradley,2002-03-11
1716,Payton,Allen,2012-11-05
1717,Alan,Morrow,2017-01-28
1718,Ronald,Bolton,2007-12-25
1719,Mya,Snell,2009-05-12
1720,Natalie,Verdon,2019-01-17
1721,Taylor,Windsor,2004-06-12
1722,Bryon,Chapman,2006-08-19
1723,Stacy,Bristow,2007-03-01
1724,Jamie,Martin,2016-06-15
1725,Vanessa,Hilton,2005-08-04
1726,Ciara,Patel,2007-05-10
1727,Colleen,Reynolds,2019-09-15
1728,Jacob,Bristow,2006-02-02
1729,Hailey,Phillips,2013-12-18
1730,Matthew,Wren,2003-10-10
1731,Elise,Grady,2008-05-30
1732,Angelique,Tindall,2011-10-15
1733,Barry,Howard,2005-07-01
1734,Bree,Kelly,2009-10-03
1735,Barney,Rowan,2004-06-15
1736,Julius,Kerr,2006-10-16
1737,Rufus,Rodwell,2012-12-16
1738,Gloria,Vincent,2016-03-20
1739,Tara,Dixon,2004-03-10
1740,Daniel,Redden,2011-05-10
1741,Savannah,Callan,2009-09-07
1742,Michelle,Mitchell,2006-12-29
1743,Kieth,Denton,2011-03-19
1744,Adalie,Nobbs,2002-08-26
1745,Danny,Coleman,2007-08-29
1746,Chuck,Shepherd,2004-12-20
1747,David,Hooper,2019-05-27
1748,Miley,Cooper,2017-12-29
1749,Courtney,Gibson,2013-03-07
1750,Jenna,Roth,2015-05-03
1751,Doug,Stewart,2011-03-05
1752,Emery,Verdon,2005-04-04
1753,Roger,Gordon,2016-01-10
1754,Eileen,Butler,2008-03-26
1755,Bree,Kelly,2017-02-12
1756,Esmeralda,Martin,2002-12-02
1757,Callie,Brown,2006-02-16
1758,Michael,Adams,2002-10-22
1759,Skylar,Mcnally,2002-10-16
1760,Rocco,Hill,2002-10-16
1761,Gabriel,Wallace,2004-10-15
1762,Roger,Carter,2013-01-09
1763,Alessandra,Potts,2015-10-18
1764,Rebecca,Harris,2017-07-14
1765,Percy,Nicholls,2004-11-19
1766,Rebecca,Reyes,2018-07-09
1767,Bart,Lynn,2008-02-23
1768,Joy,Wilson,2006-03-22
1769,Jules,Morrow,2013-12-15
1770,Eduardo,Thompson,2019-07-24
1771,Carter,Thatcher,2002-07-24
1772,Rae,Leigh,2017-05-29
1773,Emma,Dixon,2013-02-12
1774,Oliver,Page ,2002-11-01
1775,Davina,Gilmore,2006-07-01
1776,Chelsea,Eagle,2015-05-20
1777,Matthew,May,2011-05-22
1778,Bob,Becker,2019-07-24
1779,Maribel,Saunders,2011-06-27
1780,Ethan,Uttridge,2018-03-26
1781,Fred,Jones,2013-02-18
1782,Russel,Freeburn,2014-09-13
1783,Kieth,Newton,2007-12-01
1784,Alexa,Booth,2004-09-13
1785,Laila,Irving,2002-11-29
1786,Melinda,Avery,2015-03-24
1787,Allison,Allwood,2008-07-09
1788,Denny,Olson,2011-01-18
1789,Ilona,Connell,2002-04-21
1790,Noah,Paterson,2010-04-05
1791,Emmanuelle,Rogers,2004-05-29
1792,Lorraine,Healy,2005-04-23
1793,Zoe,Oswald,2004-08-21
1794,Josh,Benfield,2011-12-08
1795,Chester,Vincent,2018-07-29
1796,Rosalee,Ashley,2016-06-29
1797,Johnathan,Ingram,2017-01-28
1798,Sage,Quinn,2008-09-03
1799,Marigold,Robinson,2007-06-16
1800,Kirsten,Ebden,2007-07-15
1801,Daphne,Hill,2015-10-09
1802,Irene,Connor,2018-04-21
1803,Logan,Robinson,2011-10-01
1804,Erick,Nelson,2005-10-15
1805,Rosie,Oswald,2015-09-29
1806,Ramon,Ross,2018-10-22
1807,Violet,Brown,2009-07-01
1808,Cadence,Gunn,2009-05-21
1809,Harvey,Rosenbloom,2014-05-09
1810,Javier,Armstrong,2002-12-04
1811,Cassandra,Rossi,2012-12-22
1812,Britney,Neville,2015-07-02
1813,Courtney,Jarvis,2011-10-17
1814,Estrella,Edler,2013-12-10
1815,Lexi,Gray,2002-07-17
1816,Javier,Rigg,2014-06-01
1817,Stephanie,Walker,2019-05-22
1818,Samara,Ingham,2006-04-08
1819,Nate,Emmett,2010-11-11
1820,Luke,Roscoe,2009-04-09
1821,Renee,Tanner,2016-12-18
1822,Mara,Rixon,2013-08-23
1823,Maria,Irwin,2015-05-29
1824,Holly,Patel,2003-12-08
1825,Crystal,Speed,2005-12-01
1826,Owen,Ashwell,2013-08-08
1827,Daria,Dempsey,2013-03-25
1828,Tom,Davies,2018-01-08
1829,Ilona,Collingwood,2003-11-05
1830,Kendra,Ellwood,2011-01-15
1831,Domenic,Uttley,2009-07-24
1832,Freya,John,2016-04-13
1833,Lindsay,Flett,2011-06-22
1834,Evelynn,Cameron,2007-05-13
1835,Taylor,King,2009-05-24
1836,George,Osmond,2005-09-07
1837,Sasha,Lewis,2015-03-03
1838,Carl,Williams,2002-09-17
1839,Jazmin,King,2002-12-21
1840,Sarah,Chappell,2017-01-21
1841,Alexander,Middleton,2014-01-06
1842,Zara,Radley,2019-10-13
1843,Marvin,Gray,2017-01-16
1844,Denny,Hepburn,2017-05-30
1845,Piper,Hood,2003-09-22
1846,Owen,Jones,2013-01-04
1847,Carrie,Bell,2014-05-02
1848,Matt,Walsh,2014-11-17
1849,Ethan,Clarke,2015-12-14
1850,Mason,Mann,2003-07-06
1851,Matt,Plant,2004-09-16
1852,David,Dickson,2008-07-01
1853,Vicky,Mcgregor,2005-06-11
1854,Scarlett,Waterhouse,2012-03-23
1855,Marvin,Hunter,2017-10-24
1856,Amy,Robinson,2017-02-16
1857,Martin,Lynn,2013-05-15
1858,Kaylee,Mould,2013-10-22
1859,Domenic,Robinson,2009-02-08
1860,Benny,John,2014-03-14
1861,Drew,White,2016-10-13
1862,Francesca,Walker,2010-06-13
1863,Julian,Brooks,2016-03-15
1864,Julia,Yang,2016-05-24
1865,Greta,Brock,2014-05-01
1866,George,Abbot,2016-10-24
1867,Martin,Dixon,2011-07-06
1868,Sebastian,Needham,2011-06-17
1869,Hannah,Chadwick,2018-01-28
1870,Ramon,Lucas,2007-09-27
1871,Domenic,Horton,2008-12-02
1872,Caleb,Walsh,2013-04-29
1873,Gil,Silva,2009-10-21
1874,Erick,Brooks,2016-01-18
1875,Bridget,Jennson,2007-11-27
1876,Candice,Rainford,2006-12-26
1877,Madison,Vinton,2006-07-31
1878,Tiffany,Eyres,2015-07-16
1879,William,Evans,2015-02-10
1880,Gil,Holt,2015-08-20
1881,Matt,Redwood,2016-02-18
1882,Phillip,Butler,2015-08-16
1883,Bryon,Andrews,2014-11-02
1884,Michael,Marshall,2003-12-12
1885,Doug,Whitehouse,2007-10-17
1886,Sara,Morrison,2019-10-13
1887,Moira,Cobb,2005-09-14
1888,Mandy,Watson,2013-04-26
1889,Chloe,Shields,2003-11-01
1890,Regina,Clarkson,2002-07-29
1891,Oliver,Heaton,2005-12-17
1892,Benny,Rowan,2008-03-30
1893,Chad,Stevens,2013-11-04
1894,John,Vincent,2012-08-26
1895,Kassandra,Swift,2007-01-13
1896,Anais,Gordon,2009-07-10
1897,Mike,Osman,2002-07-01
1898,Joseph,Wheeler,2011-03-21
1899,Harvey,Scott,2004-04-13
1900,Julian,Latham,2015-11-09
1901,Quinn,Little,2010-10-19
1902,Chester,Robinson,2013-01-27
1903,Logan,Moran,2011-06-24
1904,Kurt,Lewis,2006-03-21
1905,Julius,Little,2003-02-11
1906,Percy,Stevens,2014-08-02
1907,Bart,Robertson,2017-12-29
1908,Daron,Vangness,2002-11-14
1909,Greta,Brennan,2016-10-17
1910,Bryon,Abbey,2003-11-28
1911,Mandy,Savage,2010-06-23
1912,Kurt,Denton,2007-06-29
1913,Rosalee,Baker,2009-04-14
1914,Emerald,Boyle,2002-09-30
1915,Nicole,Rigg,2016-04-21
1916,Tyson,Purvis,2002-08-04
1917,Jade,Walsh,2005-03-12
1918,Jazmin,Harrison,2014-08-27
1919,Greta,Ellwood,2015-10-18
1920,Meredith,Young,2007-07-27
1921,Leanne,Franks,2016-06-11
1922,Sarah,Gibbons,2003-10-09
1923,David,Flack,2003-11-07
1924,Rachael,Hudson,2015-03-01
1925,Gabriel,Radcliffe,2011-11-04
1926,Nicholas,Oatway,2018-09-23
1927,Ryan,Groves,2009-06-22
1928,Phoebe,Moss,2003-02-24
1929,Sage,Nicolas,2019-05-28
1930,Kieth,Ryan,2016-08-31
1931,Maxwell,Lynch,2014-05-29
1932,Keira,Phillips,2012-07-13
1933,Esmeralda,Knight,2003-04-18
1934,Belinda,Adams,2009-09-02
1935,Sofie,Bradley,2014-10-03
1936,Deborah,Avery,2003-07-14
1937,Raquel,Villiger,2011-05-18
1938,Tyler,Stone,2015-08-18
1939,Maxwell,Ainsworth,2008-11-21
1940,Jenna,Boyle,2002-08-31
1941,Carl,Parker,2007-04-17
1942,Keira,Umney,2018-04-05
1943,Alexander,Shea,2003-03-09
1944,Charlotte,Bayliss,2019-10-02
1945,Clint,Knight,2006-02-13
1946,Enoch,Rixon,2011-05-29
1947,Chadwick,Ripley,2012-06-06
1948,Emma,Cobb,2019-02-24
1949,Adela,Smith,2016-06-16
1950,Francesca,Cork,2019-07-28
1951,Peter,Butler,2006-05-20
1952,Vanessa,Redden,2012-08-23
1953,Marjorie,Dunbar,2019-01-26
1954,Ethan,Sherwood,2005-06-10
1955,Samara,Higgs,2015-09-05
1956,Jack,Harris,2004-06-24
1957,Josh,Donovan,2006-01-15
1958,Tyson,Upton,2011-04-03
1959,Rocco,Richardson,2014-01-23
1960,Harvey,Sloan,2016-05-08
1961,Michael,Gordon,2015-03-27
1962,Camila,Morrison,2014-01-09
1963,Carrie,Reynolds,2014-11-14
1964,Caydence,Allcott,2014-04-25
1965,Nathan,Simmons,2005-05-01
1966,Elijah,Stone,2002-11-11
1967,Roger,Chester,2002-03-01
1968,Ryan,Gregory,2013-10-02
1969,Sabina,Verdon,2013-01-27
1970,Jazmin,Knight,2014-04-29
1971,Peter,Groves,2006-03-25
1972,Russel,Stevens,2007-03-01
1973,Bryon,Blackwall,2011-12-31
1974,Sara,Woods,2013-02-19
1975,Erica,Richardson,2016-01-26
1976,Lucas,Hammond,2019-08-22
1977,Tara,Denton,2006-07-02
1978,Maggie,Ross,2010-04-01
1979,Harmony,Cadman,2014-07-21
1980,Jacob,Gordon,2008-07-22
1981,Barney,Andrews,2010-01-23
1982,Gloria,Ashley,2003-12-15
1983,Hank,Hill,2011-04-11
1984,Harvey,Cann,2011-02-01
1985,Alexander,Doherty,2008-02-06
1986,Benny,Benson,2015-11-21
1987,Alan,Fenton,2002-03-20
1988,Gwenyth,Broomfield,2015-12-27
1989,John,Dobson,2003-02-10
1990,Aiden,Matthews,2017-05-26
1991,Jaylene,Kennedy,2009-02-12
1992,Julius,Young,2018-06-06
1993,Andie,Hopkins,2018-05-07
1994,Gil,Harris,2006-12-18
1995,Alexander,Fall,2017-05-06
1996,David,Villiger,2016-09-04
1997,Isabel,Owens,2018-11-04
1998,Sharon,Morgan,2003-05-30
1999,Kate,Alldridge,2003-11-25
2000,Summer,Russell,2016-12-04
